ID,Functional,Chromosome,Start,End,Sequence,Distance
RNA101,No,chr17,31549002,31549074,ACCTAATTCCCCCctttatttaatttaaagaaaataaaagatttaccAAAAAAGTATACAGTATCCTAATAGG,1000
RNA102,No,chr17,31551145,31551217,AAGTGTTATTAAATACAAATTGAGGCCTTTTTTGACAAGCGCCTCAGCCTAAACAGAGTCCAGATATTCAGGC,1000
RNA103,No,chr17,31540002,31540074,TCAGGTATGGCTTCTCTCAAGGAAGGAGCCTTTCAACAGAGCTCTGTAGGATCTAAGGGAACTCAGACTGTAG,10000
RNA104,No,chr17,31650145,31650217,CAGTCACTGCCCACCTCCCTGATTCCCTGGTGCAGCTGCCAACCACTTCCCAGCCCCCTGGCTGACTCCACTT,100000
RNA105,No,chr17,30550002,30550074,gcatgcacacatgcaagCAGACATGTACACATGCATACGTGCATGCACATgaacgcacacacacgcacacatg,1000000
RNA106,No,chr17,26550002,26550074,aacttctttgtgatgcttgcattcaactcacagagttgaactttcccttcgagagagaagctttgaaacactc,5000000
RNA107,No,chr21,33377322,33377458,AGTCACCTCTTGACTCACATGAGGTCCAGAAACCCATCTGTACAGCTCCCTTCTTGCAAGGGATCTTAACTGGAGGAAGAGAAAACTCAGCCCCTTTTGACGAATGTCTCATGAATGCAGATGCTGGCTGGCGATAG,1000000
RNA108,No,chr7,149645883,149645955,ttttaaatgtgtcaacttggctaggccatggtTCCCAGATATTTGTCCAAACCAATCTAGATGCTGCtatgaa,1000
RNA109,No,chr7,149648026,149648098,ATGGACCTATCAGAGGACTTCTAGAAATCTTTCCTGCCTAGAatcctgcagcctcctcctcagtCCCTGTGTG,1000
RNA110,No,chr7,149636883,149636955,TGTCTCAGAAGGTGTCACTCAGCAGGTCAGCACATATGAGGGATAGGGATTGGGCGTAAGCCTGTCTGTCTGG,10000
RNA111,No,chr7,149657026,149657098,AACACTATgtttaagtgaaagaaggcagtcacaaaagaccatgtATTTTATTATCCCATTCATAGGAGATGTA,10000
RNA112,No,chr7,149546883,149546955,AATCAAAGTTGCCAAACATGTCTGAGAACCAGAATGACCTGGGAGGGTGGTCAAGTATACAGATGCCTTGGGT,100000
RNA113,No,chr7,149747026,149747098,GACCGCCTGTTGCTACTGTCTTTTCCTTTAGTGGTCAAGAACGAGACATTGTTCAGACTATTGCCATCTTTGG,100000
RNA114,No,chr7,148646883,148646955,ACTTGCAACATAAGGTTGACTTTGTTGGTTCTAGAAAGTAAGACAAAGactttccttcatttaaaaatgttat,1000000
RNA115,No,chr7,150647026,150647098,agatctggttgtttgaaagtgtgtagcacctctcctttcactctctctctcttctgctggcCATGTGAatatg,1000000
RNA116,No,chr19,39478293,39478365,aaaaattagctgggcatggtggcgggcgcctgtattcccagctacttgggaggctgaagcaggagaatcgctt,10000
RNA117,No,chr19,39568293,39568365,ACAGTAACAGCAGCAAAGCAGAATCTGTTTACTGTGTTCATGTGCATGAATTGTGTCCATTCCACCAATAAAC,100000
RNA118,No,chr19,54497806,54497894,GCCCATCCTGGGTAAAATCGGAGACGTATACAGGGCAGGGAGAAGCTGTTTATTTCCATGCCTGCGGTTGGAGCTTCTTAAGGATTTGA,5000000
RNA119,No,chr19,17852455,17852588,atagctcacacctgttgtcccagctatttgggaggctgaggattgcttgagtcagggaggacaaggctgcagtaagccatcatcacaccattacactccagtctgggcaacagagcgagatcctgtcttaaaac,10000
RNA120,No,chr19,22862720,22862853,ctaggtttaagtgattctcctgcctcagtcttctgagtagctgggactacaggcagacaccaccactccttgctaattttttgtatttttggtaaagacagtttcaccctgttagccaggctgctcttgaactc,5000000
RNA121,No,chr16,89560358,89560430,CCCGTTCGCCGTCGGCCCAGATACCGGACTCGCGCGCGTTAGCCCGCAAGACAGGACTCGGCCGCGGCCCGCG,1000
RNA122,No,chr16,89571501,89571573,AAAGGGGGTGAGGAAGAGCCAGTCCCGGACGGTGTCCCCAGCGTGCAGTCCTGGGCAGGGACCCTGACCCCTG,10000
RNA123,No,chr16,88561358,88561430,GGTCCACTGTTTCTCTAGAACCAGAAAATGACAGTCACAGCAGCGTTGACGTCACCCCCAGTATatgagtcag,1000000
RNA124,No,chr16,84561358,84561430,TTGATGCCACCTGGTCAGCACAGTGCACCGCAgaccagaactcctgggctcaaggtgtctcctgcctgagcct,5000000
RNA125,No,chr6,27333917,27333990,TTTTAAGAAGTTTAGTTGACAGTAAGTATTGTACGTATATATGGGATATAGAGTGATATTTcgatacatgtata,1000
RNA126,No,chr6,27336062,27336135,TAATACTTACCAGCAACCTTTTAAAAGAGAGAGGTGAACATTGCTACCTCTTTAATTGTGGAAGATTTTACATT,1000
RNA127,No,chr6,27345062,27345135,ATGTTCCTGCTATTATGGACTTCTTATATCTGTGAATTCTGGGTGGCTTATGTCCTTAGACTTTGTGTAACCAC,10000
RNA128,No,chr6,27234917,27234990,ttaccAATTACCATGtatgatatatagatatttgCTCATTGGTAACTGATCCTAATGAATACGGTTGTTCTGTC,100000
RNA129,No,chr6,27435062,27435135,atttgtagtaagttttaaaatcagaaagtatTACAactttgtctatttatttatttatttgctatttggGGTCC,100000
RNA130,No,chr1,150044335,150044406,gtagctgggattataggtgcactccacaatgcctggctaatttttgtatttttagtagagatgggatttcac,1000
RNA131,No,chr1,150035335,150035406,AGTGGTCATAACAGCAGGGGAGAAAAAGGCAGCCTGAGTCCGGGAGGCCTAAGCctcagagacagagagggg,10000
RNA132,No,chr1,150145476,150145547,GTCAATTTCACCTCTCTTGAAAACAGGAGAAAGTGACAGTATCATTATTGCCAGGAAATTAAGGCATCCTCA,100000
RNA133,No,chr15,26247426,26247508,gattacaggcgtgagccaccacacccagcctcctttgttaatttttaaattgagttggttggttggttggttttttgtggTTG,1000000
RNA134,No,chr15,30247426,30247508,CAGACCTGGTAGTAATACTCTTTAGAGATCTAGTTTAGGATCTCTAAACCCAGGAAATCACTTGGGTTGATCTCTAAACCCAG,5000000
RNA135,No,chr21,33377322,33377458,AGTCACCTCTTGACTCACATGAGGTCCAGAAACCCATCTGTACAGCTCCCTTCTTGCAAGGGATCTTAACTGGAGGAAGAGAAAACTCAGCCCCTTTTGACGAATGTCTCATGAATGCAGATGCTGGCTGGCGATAG,1000000
RNA136,No,chr15,20051379,20051476,GTGAGAAACTGCCAGTCCCGTTGATCCAGCCTCGTTCTTCCCATAGGGGATTTTGTATCTCTGTGGACATGTGGTACAGTGCTGCATATCCATTGGCA,5000000
RNA137,No,chr15,30051572,30051669,ctgtttctgagttatttcactgaagataatggcctccagttccatccatgttgctacaaaagacatggtttcattttttttaatggctgagcaGTAGT,5000000
RNA138,No,chr14,95976402,95976477,acacatgtgctctccctgctgatcgtgtcagCTAATCTTccaaaccccaatcccttctacaaaacaaaaactcctt,5000000
RNA139,No,chr14,105976551,105976626,TTGCCATAAAGTGGCAAAGAACGTGGCTGAATTGTGTTCATCCCTAGGTCCTTCTGTAAGGTGGAAGTTCAGAGCC,5000000
RNA140,No,chr15,24099400,24099498,ACCTCTCTGTGGGGTCTGCATGCACAAGGGGAGGAGCTCCCtgttgggtggggtggggaattcAGTTATTTTGTATGAGCTTGAATTTGTTAAATAATC,1000000
RNA141,No,chr15,26099595,26099693,tcccatccaggataccacGCTTCATTGAGTGGTAATGTCTCCTTAGATTTCTTTTGGCTCTGAGAGTTTCTCAGACTTCCTTTGCTTTTCATGACTTTG,1000000
RNA142,No,chr15,20099400,20099498,gatggagtctcactctgttgcccaggctggagtgcttcttttttttgaaatggagtctcactctgttgcccaggctggagtacagtggcgcaatcttgg,5000000
RNA143,No,chr16,3159290,3159385,CCGCGTCTGCCTCTGCGGACGTGGCCCTAGATCCCGGGTGGCCATGGAACTTGGTCTGGGCGTGTAGTTTTCCTTTGAGTGGGTCGGTTCTAAGTT,1000
RNA144,No,chr16,3161479,3161574,CCGGGATCCAGTGTAGAGAGAGCTTTGGCTGGCTGGCGGCGCGCAAGGCCGGACTGCACAGGTGGCAGGGGCGTGGTTGTCAAATAATCAAAATGA,1000
RNA145,No,chr16,3150290,3150385,GGGGCCAAAAGCCTCTGAAACACACCTTTGCAGGTTCACCGTGATGGAGCAAGCACAGGGGCTGGGCAAGCAGCTTGCAGCCCCTGACCCAAAGCG,10000
RNA146,No,chr16,3170479,3170574,TCCATCCGCTGGGGCTGGGCAGCCCCCCTGCCCCCGCCCAGTACAGAGGCTCCTGCCGGGGGAGGCGTCCATCGCGTTCGCTTACTTCTCTAGACC,10000
RNA147,No,chr16,3260479,3260574,TTTCATAGATGATGAAATGTAGGCTTACAGGTAGGGTGACCAACACATTTTGTCTAGGAGCAAAACCCAATTTGCCCAGTCTTAGCACTGAAAGCC,100000
RNA148,No,chr16,4160479,4160574,ctccacgttggccaggctggtcttgaactcctgacctcaggtgatccactggcctcagcctctcaaactgctgggattacaggcatgagccatggc,1000000
RNA149,No,chr16,8160479,8160574,aatcacttgaaccagggaggtggaggttgcagtgagccaagatcgcaccattgcactctagcctgggcaacaagagcaaaacttcatctcaaaaaa,5000000
RNA150,No,chr7,44995510,44995643,tactagaagaaaacataggggaaatgcttcaaGACATTGAAcgaggcaaagattttatggctaaaatttcaaaagcataggcaacaaaaccaaaaatagacaaatgggactatattaagcgaaactaaaaagct,10000
RNA151,No,chr6,26700410,26700483,CGGCGAATCTGTAAGTGAATCTTTCCTTGTCCATATGTATCCTGCTTTTTCTTGAGGTCTGGGCTGGCCAAATG,1000
RNA152,No,chr6,26702555,26702628,AGGCACTCATGAGGGTCTTGACTACATCAATATCTGATGGGAGACTTTAGGGCAGTTCTGTTGTCGTAGCTGAT,1000
RNA153,No,chr6,26691410,26691483,AATAGAGTACCCCACTTACCAGACTGACGGCAGAGCcaaatatgaaaatgttcttttttctcaagCCTCGAGAC,10000
RNA154,No,chr6,26711555,26711628,CAAAGCAAGAAGCGCCACTATGGAAGGGCATCATTTGGGCCTATATCAGGGTCTCAGTACAAAGATGAGTGCTC,10000
RNA155,No,chr6,26601410,26601483,TTCCCAGGAGGCTTAATGTGAATTTTAGTGAATTGCTTAAGATCCAGTATTAGATCTGCTGGTCCCTGCCCAcc,100000
RNA156,No,chr6,26801555,26801628,tttctttctggtttatcCATTTTGTTCATAAGTTTTGAAGCTCTGTGGCCAGAAACAGACATATTTAGGACAGT,100000
RNA157,No,chr17,68018824,68018897,accgtgcccagccaagaattttttttttttaagtaaatatttctttttagggGTCAGATTTCGTGTTCACTTGC,1000
RNA158,No,chr17,68020969,68021042,tcccagcactttgggaggctgaggctggcggatcacttgaggtcaggagttggagaccagcctggccaacgtgg,1000
RNA159,No,chr17,68009824,68009897,gacactcaTCCCATCGTGGAGCACTGTCTGCATGATCTCCTCTAAGcttaattacttcccaaaggccccacctt,10000
RNA160,No,chr17,68029969,68030042,ggttttattttatttgtttttgagacagggtcttgatctgttacccaggctatggcgcagtggcatgatcacat,10000
RNA161,No,chr15,79743582,79743655,TTGGAGGAAGGAGCCAGTTCTACTCTCAGCTTCTCTTCTCCCTGGAGAGGAGGTGAGAAGAGAAAGGGCTTCTC,1000
RNA162,No,chr15,79745727,79745800,gtttctccacatcctctccagcacttgttgtttcctgactttttaatgattgccattctaactggtgtgagatg,1000
RNA163,No,chr15,79734582,79734655,ACCCATTATAGACcacacagccattaaaaagtataattatgACAATTACACAATAAACACAGAATATGCCCAGA,10000
RNA164,No,chr15,79754727,79754800,ATTTAAGAGTTAGGAGTTAGAAAGTGCTCCAGTTTTGTACAGTAACTAAAACATCCTATTCATGATGAGAAGAA,10000
RNA165,No,chr15,79644582,79644655,AACAGACATATTGTGGtggtgaaattaaataaaatacacacaaacaaagAGGCTATCCTAGACATTTCCAGAGA,100000
RNA166,No,chr15,78744582,78744655,ctggatGCCTTCAGATGGGACCATGGGAAGGAAGAGGGGCTACCCCTGCAGGGGGCCAGGACCGTGGCCCATGC,1000000
RNA167,No,chr15,74744582,74744655,ccatgcctggccctatagtgttaaatgttatgttatgtatattatttcACCACAACCAAAAAAGTGTAGGTGGG,5000000
RNA168,No,chr6,30541023,30541101,TTACAATTAaaggttaaaatttttaaaaataaaaggtaatgacaacaaaaaaaatggataagTAGACAGAAAAATCGAT,1000000
RNA169,No,chr6,32541178,32541256,GTCTACAACTATTACAAATCTTGCTGAAATTTAGAGAGAAATTGTGTTAAACCTGGACATCAaattggggagaattgac,1000000
RNA170,No,chr11,62844546,62844621,cagcctcacgagttgctgggattacaagcatgtgccaccatgccaagctaattttgtatttttactagagatgggg,10000
RNA171,No,chr11,62754546,62754621,ggccaggcgcagtgcttcacgcctgtaatcccaggactctgggaggccgaggagggcggatcacttggggtcagga,100000
RNA172,No,chr11,57854546,57854621,TATTGTTCACAATCGCTGaaaggtagaaacaatccaaatatctattaactgataaataaataaagagtagtCTAGC,5000000
RNA173,No,chr6,28757292,28757364,ATTGTGGCAGAAAAGCTTTCTCTACTTTTTCATATGGGGCCTCTGTTTGCTGTTAACAGAGGTTTCCAGGCAa,1000
RNA174,No,chr6,28759435,28759507,AGACATATTGCATAGAGGGTGGATAAAGACTAAAAAGGGTCCTTTTAGATTTGGGAATTACAAACCTATTCAC,1000
RNA175,No,chr6,28748292,28748364,GAAAAAACTGTCTTTCATGAAacggtctctggtgccaaaaaggtggGGAACTGCCGCCCAAGATAGTTTATAC,10000
RNA176,No,chr6,28768435,28768507,AGTGCACATAAATCAACTGCAAAGGAGACTTCCTTGGAGGTTCCTGCCCTCCAAGTACTGTTTGCGAATATAC,10000
RNA177,No,chr6,28658292,28658364,CACTGAGCTACATCCCCACCTCGAAAAACGTTCGTCTTTAAACTGCTTTTATGAAAGAATATAGAAATttacc,100000
RNA178,No,chr6,28858435,28858507,aaaaaaagagatataatcCAGTACCTTATATCTGTGCTACACCCTCATACTGTAGACTTTGTATGACTGTACG,100000
RNA179,No,chr6,23758292,23758364,aaccacaatgagataccatctcacaccagttagaatggcaatcattaaaaagtcaggaaacaaagggTGCTGG,5000000
RNA180,No,chr6,33758435,33758507,agaatctcttgagcccgggaggttgaggctgtagtgagccatgatggcaccactgcactccagcctgggtgag,5000000
RNA181,No,chr6,28657165,28657237,AAGATACAAGAGACGCGGCATCCCAAAAGGAGATTTTTGTGTATTCTGCGAAATACACAAAAGGGCTAGCCAA,1000
RNA182,No,chr6,28659308,28659380,CATCCAGAACTAAATGCTTTTCCAGAGCCGCCAGAACTAAATGCTTGTCCAGAGCCTTCAGAACTAAATGCTT,1000
RNA183,No,chr6,28668308,28668380,CCAAGTTGAATCCTTATGCAGGAGGAGATGGTGAGTACAGAACTGCCCCTTGAGCCCACCCCTAGAAGAGTGT,10000
RNA184,No,chr6,28558165,28558237,TCTAAATCCGTTTTTGAAACAGAGGATTTGGGGCTCTTTTCCAACACTACAATTTGTCATTGAAAAAACAAGT,100000
RNA185,No,chr6,28758308,28758380,GAAGGCTATGTTGCTTGAGAATTACATTTAAGCACTGCCAGAGCAAAACCACCATTTGGAGGTGCCGGGGATC,100000
RNA186,No,chr6,27658165,27658237,AAATGATTTAGAACCATACACACATGTCATACCAATATTAAATTCCTGTGTTCGATATTGTGTTATATAAGAA,1000000
RNA187,No,chr6,23658165,23658237,AATCAGTGATCATAATGGCCTGCTTCCAATGGTTATTGTGAATTTTTAATTCTACAACATGGGTAAAATGTCT,5000000
RNA188,No,chr3,134397348,134397487,cactgcattccagactgggcgacagagcgagactccatctcaaaacaaaacaaaacaaaacaaaacaaaacagtcttggccgggcgtggtggctcacgcctgtaatcacagcactttgggaggcccaggcgggcagatca,5000000
RNA189,No,chr1,36408317,36408448,gcagtgagccaagatcacgccactgcactccagcctgggtgacagagagagacactgtctcaaaaaaagaaaaaaaaaattaacactggGTATCCAGAGAGATTGTTAGTAATAAGAGGGGCAGAGTTGGGG,10000
RNA190,No,chr1,36518578,36518709,GCAGGGGGTCACAGCTCACAAAGCCCTCCCATGTGCAGCTCATTTAAATCTCCCATCCACCTGTTGGGGCAGACAACTGAgaaattattatccccattttgcaggtgggAGAATGAGTCTCCAAGAAGGGAG,100000
RNA191,No,chr1,41418578,41418709,TGAGGAGCCCCAGGGGATGAAGCTGCAAAGATGTGGGGAGGCTCAGGGATCCTGGGGCATCCCATCTCTGGAAGAGCCTCCCCTCTGCAGAAGTGGCAAGAAGCCCTCCGAGAGTGTGGGTCTGGGATGCTT,5000000
RNA192,No,chr6,28694860,28694932,aaaaatggaaCTGATTTTGGTACATTCCTCCAGTGTAGGACTATGCTTAGAAACAGAGGAGTTCTTCGTCTTA,1000
RNA193,No,chr6,28697003,28697075,gtgttcactGGCAAAGGCAAGGAAcatttaagccacccaattttgATTCTCCTCGCCTTAGCCCTCTAGAAGA,1000
RNA194,No,chr6,28685860,28685932,TACTCCTGCCTTATATTAAAGTTGGAAACAGTGAGATAAAAGAACAGGAGGGTTTGGAAGCACTGATCTGGCA,10000
RNA195,No,chr6,28706003,28706075,AGTATATTTATACGAAGACCTCCATCTCAGACTAACACCAAGTGGGACATGCTCAAGGGAAGACCTGAAACAG,10000
RNA196,No,chr6,28796003,28796075,TAAGCACGCGCTCTACCACTGAGCTATACCCCCTCTGGACTCAGGGCCTTCGGAAAACGCTTTGGTGACGGCC,100000
RNA197,No,chr6,29696003,29696075,ACTACACTCCTTCAGCGCAGAGCTGAACACAGTGTCCACGACTCTGCTGGAAGTGGTGCAGTCACTCAGCCCA,1000000
RNA198,No,chr6,23695860,23695932,tttaaagaaggagagCCTTGTTCAGTGTTGTATCTTCTGTGGCACCTACAGATGTTTATTGAATTGAATAAAA,5000000
RNA199,No,chr1,93416204,93416277,GACTCCTTGGTTCAAATCAGCTCAGTCCCTCCTTTTAGTAAGTTGACCTGACTCTACTGAAACTGtctgaaagg,100000
RNA200,No,chr1,98516349,98516422,GAAGAAACTCCTGCtcgagaaaagaaaagggaaagttaAGCAGATTTTGTCTTGCACTTTAGGTACCAGACTGT,5000000
RNA201,No,chr2,156399697,156399769,GCTTAAACTACACCTGAAAAAGTCAAACACACCTCATCTGACTATACTGCAAGTCAGCACATCGATTTACCTA,1000
RNA202,No,chr2,156401840,156401912,TACAACAAAAGATataggaggggaaaaaaataaagtgaaggaAATGGATTTATGGAAATGATTCTAAATACGA,1000
RNA203,No,chr2,156390697,156390769,aaaaaaaaaaaaaatacatatatatatatatataaattattgtatgtatatatgcatgtatatataataacat,10000
RNA204,No,chr2,156410840,156410912,CTTCACTTTTCCCCTTTcctcaattatatatatatacagcattTGCCACAAAAGGATATTGCACTGGTAAAAG,10000
RNA205,No,chr2,156300697,156300769,AATACCACTGTAATATCATAGTAAATATTTGATCAAAATTAGGCAGCACATCTACTATAAGTAATCACAGTAC,100000
RNA206,No,chr2,155400697,155400769,GTCAGCATTACGAAGATAAGACAGGAATTATAAAGAACACAGTAAGTATAAACAATAAACTGTTGTGTCATGA,1000000
RNA207,No,chr2,157400840,157400912,cttcatttcattatgtacccagtagtcattcaggagcaggttgttcagtttccatgtagttgagcagttttga,1000000
RNA208,No,chr2,151400697,151400769,tacaatttatttttatcttttattttcttattttatgagatggtctctcattctgttgcccaggctggagtgc,5000000
RNA209,No,chr1,93857657,93857742,caaggaaatgctgagagattttgtcaccaccaggcctgccctaaaacagctcctgaaggaagcactaaacatggaaaggaacaact,10000
RNA210,No,chr1,93947657,93947742,ACTTCCTGGCCATTTGTATTCTTCTTTTCAAAGAtttctgttcatgtactttgcctgctttttaacgGTATTActagggttttgtt,100000
RNA211,No,chr1,88847488,88847573,CAAACTTTGACCCCATTGGTCTTTGAGTACCGCCTTGCTTTCTTAAACTACAAGATGTTCCAGGTGCACTTTATACAGTTCCAAGC,5000000
RNA212,No,chr1,98847657,98847742,tattgaatagggagtcctgtCCCCCCGCCCCggcccattgcttgtttttgttgactttattgAAGATTAGATGCttgtaggtgtgc,5000000
RNA213,No,chr6,57860093,57860166,GTTCTGTTTTCAAGTTCATTGACTCTTTCCTTAGTCTTTTGCATACTGCTATTGAGATCATCCAATTAAGCATT,1000
RNA214,No,chr6,57862238,57862311,TTGAacatgagaaaatagaaattgaaGAGTAAGAGAAAGAAGTCATAAAGATATTAAATGATTGAGTTTTACCC,1000
RNA215,No,chr6,57851093,57851166,aaattaaggatcCAGGTTCATCCTCATTTATTCTGTCAGGTCCTGAGGTCAACAGCATGAGTCTTTCTTCATCA,10000
RNA216,No,chr6,57871238,57871311,acTTCCATTTCTAATGCATGGTGCTGAAAAAGTCCTTGTATGTGGAATATTGTTCACCTTTAAGGAACCTGCTC,10000
RNA217,No,chr6,57761093,57761166,ttatataaatggaataataaagtGTGTACTTTTTGTCTACTGTTTTTCAGTAagcataattaacatttatacat,100000
RNA218,No,chr6,58861238,58861311,agtgcaacattcctcttgaccgagcagtttggaaacattgtttctgtagaatctgcaagtggatatatggaccg,1000000
RNA219,No,chr6,62861238,62861311,CATTCGGTTTGTTAGAGCCAGTGGGGAAGAAGGTAGTGCTCTTACTCCCAATATGGTGGGAGGTGTCCACCCCT,5000000
RNA220,No,chr3,7840173,7840312,TAATATGCATGTctacccagaacctcagaatgtggccttacttagaaatagggtctttgcagatgtaattagttaaggatctcaagatggaATCATCCAGGATTTGGAGTGGTCCCTAAATCTAACGACTGGCATCCTTA,5000000
RNA221,No,chr6,27197914,27197996,cccttctcttctaaaaatacaaaaattagccaggtgtgatgtgccacgcctgtagttccagctactggagaggctgaggtggg,100000
RNA222,No,chr6,27563270,27563357,AATAGAGGAAAGATACCTTCTTGTCGACCACAGACCTGCTGTATTTCCAGCAATGCCTGTGCCTGGCATGCTCCCATGTGGAATAAAG,1000
RNA223,No,chr6,27552097,27552184,gaaaatatttgtaagtcatGTATCTGATAGAGAAAttttatctagaatatataaagaatccttaaaactcagcaataagaaaacaacc,10000
RNA224,No,chr6,27572270,27572357,CTAGGAACAAGAATATTTTACCTTTTAGAGGAGTTCGTTTGGGGGACTTGAATTCAAACTCCTGATATTTGACTCAAAGTTCTCATGG,10000
RNA225,No,chr6,27662270,27662357,ttgccaacatggtgaaaccccatctctacaaaaatacaaaaattagctaggtgtggtggtgggcacctgtaatcccagctacctggga,100000
RNA226,No,chr6,26562097,26562184,TTTTCAGCaaacaagaaattaaatataAGACAATATGAGGAGTGGTCTCCTCTTTCACTCCAATCTGGGAACAGAGCCAgaccatctc,1000000
RNA227,No,chr6,28562270,28562357,AGTTAACCAGGATTAGCATGGAAATTCATGAAAAAAGCATAATTTATAACTTTAAGGAAAAATCTCAAAATTCTTTAACATGTATCCT,1000000
RNA228,No,chr6,32562270,32562357,CTAAATACAACTTTGATTGCAGTGGTAACTTGTCCCCTACTCctcctttttgtcttttcaacATGTGTTGTAATGTTTGATGTGCCTG,5000000
RNA229,No,chr15,66696936,66697040,CCACTCTATCCCCACCAGCAAGAcctagctcaaatgtcaccttctcagggaagccttccctgatcactTCCTTTAAACCACAACCTGCCGTCTCCCaacattcct,1000000
RNA230,No,chr14,21929628,21929701,cacccactaacttgtcatctagcattaggtatatctcccagtgctatccctccccccttcccccaccccaccac,1000000
RNA231,No,chr14,17929628,17929701,tatttccatttgactcatagagatgaacatggcctttcatagagcaggtttgaaacactctttttgtagtttgt,5000000
RNA232,No,chr14,27929773,27929846,CACCTGGACCTGAATCTCATGGAGTTACATAGAATGAGTTTTCAGCCTCTCATCATGAAAATTCACAAAGGGTG,5000000
RNA233,No,chr14,20611213,20611295,CTTCCTGGAGCTTATATCCTAGTaggggaaacagaaaaaaagaaggaaagaactgCATATAATAATATTAAGTCGTGATAAAT,1000
RNA234,No,chr14,20620213,20620295,tcagcctcccaagtagctgagattacaggcgcacaacaccacgcccggctaatttttgtatgtttagtagagacggggtttca,10000
RNA235,No,chr14,20710213,20710295,CCAAGGGTGGGGTCCCTGGCCAAGAACTTCAGAAGGGTCTCCCACACACAATTTCAAAAAGGCTTAATTTAAGCCCACTTCAG,100000
RNA236,No,chr14,21610213,21610295,aaaatgggcaaatactacctatcaggttttttttttgttctgatagcgagtttttaaatatttaacagcaTACTCATGGCTGG,1000000
RNA237,No,chr14,25610213,25610295,aatcacctcccactaggtctctccctcaacacttGGGggttaaaattcaagatgagatttaggtggtgacacaaagcctaacc,5000000
RNA238,No,chr22,20127526,20127651,CTGTGGGCCTTGAAGCTGAGGTGTCTGAGCTGGCGCTGGTGAGGGAGCCTGGCCAGGGGTGTCTGGTGCCGGGTGTGGTACTGATGCACGACTGTGGGCTGGGCAGCGTGGGCTCTGCCGAGGCAG,1000
RNA239,No,chr22,20226526,20226651,CCCTGTGAGGGTGTTGGGGACCCCAGGCCAGGCCTGGGTCGGATCCATCACTCCCTGGAGGAGGCATCTGAGTCCAGGGATGCCGGACAGGCTGGTCCCAGGTCCCCAGGCTGACTGGGCCTCAGG,100000
RNA240,No,chr14,95927270,95927342,TTTCTGTAACTTGGGTCGTAAGATGTTCTAGACGATATCCTTGAATGCCCATCCAGACATTGACCTATAAACA,5000000
RNA241,No,chr16,2963106,2963240,CTGACAGAACCTCCCTGAACCCCATCTTTCTTCTCCATCGACACCGGGGCAGAGACGGTGTGGGGGCTGCAGGGCGGGGACTGGTCGGCCTGGGCTCGACAGCTTGGCGAGGGCCTGGTGCGGGCTGGGCAGGCT,1000000
RNA242,No,chr11,122558874,122558947,attaaaaatagaactaccatatgatccagcaatcccactatatatatagatatatgtagatacatagttttttt,1000
RNA243,No,chr11,122561019,122561092,AATTCTCAAATTTTATTGTGCAGCAGAATTACCTAGAGAGTTTGTTAAAACAAATAGAGAAacaggccgagcgc,1000
RNA244,No,chr11,122570019,122570092,gaggccaaaacgggtggatcacctgaagtcaggagttcgagaccagcctggccaaagtggtaaaaccctgtctc,10000
RNA245,No,chr11,127560019,127560092,TTAATCAGAGGATATACTGAAACATTTGCTCTAGAGAGAGCCAAAGAAGGAAATGAGCATATGCAATGTAGTCA,5000000
RNA246,No,chr6,57821899,57821973,AGGTGAGAATCTAGTTCAAAAGCCGGGAGAAGGAACAGGACATTAGCACAGTAGTCTAGGCAGAGAGCTGGACCA,1000
RNA247,No,chr6,57824046,57824120,GCATGCGCAATAGATCCAAAGTCAGGAAAGGTCTGAAATGTTTAACTTTGCTGAGGCGAGAGACAGGAATGAACC,1000
RNA248,No,chr6,57812899,57812973,ATATGgagaaagcacaaagaaaaaccaaaaacattagTGAATGCTATTATTAAGATTTTAGAAATGTGGCAGGAT,10000
RNA249,No,chr6,57833046,57833120,TCCCCTGCCTCCCCTGTCAGCTAGAGAGGCAGACATATGACATAGCTTGCAGTTTCTGGTGTAATTTATATGTCT,10000
RNA250,No,chr6,57722899,57722973,tcttatgCACATCTGCTTTGCATAAAACTCTTTTGTCAAACTGGTGAGAAACAAAGCTTCCTTGAAAAAATTATC,100000
RNA251,No,chr6,58823046,58823120,actcacagagtttaacgtttcttttgatagagcgtttctgaaacacccttcttgtagtagctgcaagtggatatt,1000000
RNA252,No,chr6,52822899,52822973,acaggcgtctgcttctgtggaggccttaggaaacttatatttatggtggaaggcgaaggggaagcaagcacgtat,5000000
RNA253,No,chr6,62823046,62823120,ATGTTTACTACAAGTCTTTAGAAATTGctgaagattaaaaatatttaccttaaaatctaaaaatatatttacatt,5000000
RNA254,No,chr12,124920683,124920755,caattctcctgcctcatgcctcccaaagtgctgggattacaggcctgagccaccatctTTTGCTTTCAGTGat,1000
RNA255,No,chr12,124922826,124922898,agccactgcgcccagccaaggatattttctaaattaaacttTTGTGTGTTTAAGTGAGTGTTAGAGTTTAGCA,1000
RNA256,No,chr12,124931826,124931898,ataccatcgtggccaacatggtgaaaccctgtctctactaaaaatacaaaaaaattagctgggcgtggtggcc,10000
RNA257,No,chr12,125921826,125921898,ATAATTTAAAGaacctaggctgggcgtggtgactatTCCCTATATATGTTCTTCTAGGTGTCAGCTGTCACCT,1000000
RNA258,No,chr12,119921683,119921755,aaggctctgtctcaaaataataataataataataataaaataaaaataaaaagggaaacctGAGAGATGTTTA,5000000
RNA259,No,chr12,129921826,129921898,TCCACTCAATGAAACCCAATTCCCCTCTGAGTCAGTCTGGGTCGAACACTATGACTCACTCCTAATCTATAGA,5000000
RNA260,No,chr6,26576015,26576104,CGCCTGGTGTCTAAGGCACAGATAGGACACACAATAATGTCAGGAGAGACTGTCCACATCCTGGGATCCCTCCTCTCTAGCTGCTAGCTC,1000
RNA261,No,chr6,26578192,26578281,CGTGACTAAATTGCGTGTCGCTGGGTTTTAGTGTATGAATGTTCCCATCACCAAGGTAGTAATCGTAGTACCcgataatttttcaaccct,1000
RNA262,No,chr6,26567015,26567104,CTGTAGAAACAGTACAGTTTTATTGTCCTGTAAGGCAGTTTCCAGTTCTCTACCTCACTTAGCAATGTTAATTTACAGCATTGCTTCTTT,10000
RNA263,No,chr6,26587192,26587281,ttttttaaatacatgaatgTCCAATTGTACCCGTACCAATTACTGAACGCCTatcctttttccattgaattaTTTTGACAGCTTTCTCAA,10000
RNA264,No,chr6,27577192,27577281,ggtggcgcgcgcttgtagtcccagctacttgggaagctgaggcaggagaatggcgtgaacccgggaggcggagcttgcagtgagccgaga,1000000
RNA265,No,chr5,138548896,138548969,TGGGGTTTTGTCAAAACGACTTAAGGGCCAACAGGAAGAGGCTCTCAGGCCAAGGTTAGAACAATTTGAGTATC,10000
RNA266,No,chr5,138458896,138458969,gcccctcccaagtgctgatgCCCCAAGGTCTTCCATTGTAGGCCTAACCTGACTCTGCCTGGTGCATCACTCCC,100000
RNA267,No,chr4,87898225,87898311,AAGTGAGGGAAACATAATTCTCAGCTACTTATAGCACTGCTATTATTGTATATCAACAACTACTATTACCAGTATGTTTAAGAGAAT,5000000
RNA268,No,chr15,26241827,26241909,TGCCTCGTTTTGTTAATTAGAAGTTCAGTGTGAGGAGCAAGGGTGCATGGACCTTTTACATGACAAGTAGTAGAGGAAGCATT,1000000
RNA269,No,chr15,30241827,30241909,gattgacttggtgatgcaggctcttttttggttccatatgaactttaaagtagttttttccaattctgtgaagaaagtcattg,5000000
RNA270,No,chr10,120060138,120060266,TTCTAATAGTATATTTATAGGTGTAAACTGTAAAGGGTCTTGGATTTTCTTCCTCCAGGCATGTTTGGAGAAAAGACTTCTTGGTAGGAGagcaactttaaaaattattgactaAGCCTGGAGCTTATA,1000000
RNA271,No,chr10,114059883,114060011,GGCTCACCAACCTGCCATGAGGCAGTGCCATGGCAGATCTGCAGAAGGAGTGCATGAACCCCCAGCCACACTGATTTCTAAGTGAGCAATGGCTTCCTCCATGCATGGACAGGAAAACTTTCCTTCAGC,5000000
RNA272,No,chr4,17319609,17319746,AAAGCAGAGGGTCTTGATAGCCTCCCAAAGCTGGCAGGAAGTGGCAAGCCAAGATTCAGATGCATGTAGCTACTCAGCTATTCTGCCCTCCTGGACCTAACTGTAGAACTAGGACCAATGGTTGGACCCCACGAGCAG,1000
RNA273,No,chr4,17321882,17322019,tggaaagaatggCAAATGACTCCAAGATGACAGCTTAGTCAACAGGCGCTGGCTTTGTCCGTGAATAATCATAGGGGAGAATCCATTGTGCTAGAGCTGCCTCGTGGGTTAAGAACAAACCCAGGAAAAATAGACGGG,1000
RNA274,No,chr4,17310609,17310746,tcaaagaactaaaaagagaacatttgacccagcaatcccattactggatatatatatccaaaaaaaaataaatcatgtgatatatatatatatatataatggaataccacttagccataaaaaggaatgaaataatgg,10000
RNA275,No,chr4,17330882,17331019,CAGCAAGCAACAGCTCAGCTTGAATTTATACTATCTGGAATTTGTTGGGAGAGTATAATGTCCTCTACCCATACTGCAGCCCACAGGGAAAAGCATTTTACCTTCTCTCCTTGTATGAGGAAGTTCTGGGGAAGGCAT,10000
RNA276,No,chr4,17220609,17220746,TCTTAAAAGCAGTGTCATTCATTCTGCAATGGGGAACAGATGAGGACTTggaacagagagaaggaaggactTCCAGGGTAGCAATGTGAAGATGGAAGGGGGATGGTTTGAGGGTTCCTGAGGTCATGGGCTCCAGAG,100000
RNA277,No,chr4,17420882,17421019,ACACATTTCACATGCACAGTTTGTTTCAcctctcaaataaattaattacgGAGACTTTAAAGGATTTTCAGAGGGAATCTCATTACCAACTGCACATTCTGCCCTCCCAATCAATAGTCTTTTCATTCTTACATAGCA,100000
RNA278,No,chr4,16320609,16320746,TCATCTTTACTCAacctactgattcaaatgctaatgtcttctggaaacaccctcagagacacacccagaaataatgttttgccCAGCTATCTGGGCACTTCTTAGAcaagtcaagttgacacataaaattaaccatca,1000000
RNA279,No,chr4,18320882,18321019,TCGGACTTGGAAtattcagatttgggatgcttaACTGGGTAAGTATAAATTGAAAATTCTGAAATCtggggaaaaattgaaatctAAAACATTTCTAGTTATAAGCATTTCGGATAAAGGATACTCAAGCTATGCTTG,1000000
RNA280,No,chr4,12320609,12320746,CTTTTTATACTGTATATCCatgaaaggaacaaacaaagGCCAGTGGGTACCACACCATCTTTAGACTTCTCGGTGGAAAACCTCAGCACTCTAGAAGCTAAATAGCTGAGAATAAAGAGCCACGTGGGCATttgagct,5000000
RNA281,No,chr9,74902002,74902074,AGTATGCACTCCTCGCTTCTGGAATTAGtcttgactattttttttttaaactggggccgggcgcagtggttca,1000
RNA282,No,chr9,74904145,74904217,catgatcagcccaaagtgctgagattacaggcataagctgcgcccagcctatttcccctggttttttgtttgt,1000
RNA283,No,chr9,74893002,74893074,TGCAAATACAGCTTAGATTATAACACCCAAATCCTTTTGAAttcctggaaagccttcccaaggacaaatacaa,10000
RNA284,No,chr9,74913145,74913217,aaattgtaaaaagagacaaataaggccATTATAATGATAAAGGCATAAATTCAGCAataggatataacaattg,10000
RNA285,No,chr9,73903002,73903074,TATACTTGCTCTAAGAATCCCCCATAAACACAGCAATGTTTATATCATAAAGGGACATCTTTATAATGATTCA,1000000
RNA286,No,chr9,79903145,79903217,TTttcatcccctcaagcacttGTTCATGTTCCTTTGGATTAGTATAAGGTATGGCTTTTCATGAGATGTTTAA,5000000
RNA287,No,chr17,28713607,28713681,agctccgcctgccaggttcaggccattctcctgcctcagcctcccaagtagctgggactacaggcaccagccacc,10000
RNA288,No,chr17,27723607,27723681,TGCAAAGGTTTGTGCGTACCCTAGAGGAGCACATGAAAGGGAGTCATTAACTTGCTGAAGCTTCTGAAAGGGCTT,1000000
RNA289,No,chr17,23723607,23723681,atctgcaagtggacgtttggagggctttgtggtttgtggtggaaaaggaaatatcttcacctaaatactagatag,5000000
RNA290,No,chr12,124938894,124938966,AATTGTGAGGTCTGGCTGCAGCCAATGAAGTCAAAACACAGCAATAGGGACCTCATGCATAAGGAATAAATAT,1000
RNA291,No,chr12,124941037,124941109,GAAGTCTTGTAGTCAGTGATCTGGTGCATGCGTTTTCCTTGCCTTCTGGCGCCGGTACCTCGATGGGGCAGAT,1000
RNA292,No,chr12,124929894,124929966,CTTCAGAAGAAACCAAGCCTGCCAGCACCtagatcttagacttccagcctccagaaaagtgagaaaatacGTT,10000
RNA293,No,chr12,125040037,125040109,gcggatcacaaggtcaagagattgagaccatcctggccaacatggtgaaaccccatctctactgaaaatacaa,100000
RNA294,No,chr12,125940037,125940109,GAGTTATCAGGAAGGTTCTTTTGTTGAGTCCGAGTGGATCTCTTGAGAAAAGTGGGGCCACGGTATCCTGGGT,1000000
RNA295,No,chr12,119939894,119939966,gtagaggtggggtcttgctacgttgcccaggttggtctcaaactcctccagcaatcctccccctcggcctccc,5000000
RNA296,No,chr12,129940037,129940109,TATGCAAGCCAAATGGTGGAACGAACCATCCAAAACTGCCTGCAATGTCAGGTGTGTGACAAAGGTGATTAGG,5000000
RNA297,No,chr5,14651173,14651278,atgagaGTAGACTGGTGATTACTAGAGGTTGAGAAGAgtagggaggaggagggatgAAGAAATGTTGATTAATGggtaaaaatatatagtttgatGGAAGAAATGA,1000
RNA298,No,chr5,14653382,14653487,CGAAAAAGCCatcattcctttttcttattgaatttcctttctgtttcccaTTCGCAGAATTCTACTTaatgcaatatatttttatgtttgaagGTCTTTTATTACT,1000
RNA299,No,chr5,14642173,14642278,ttttttgtagagaaagggtttcaccatgctagctaGGTGGTacagtcattttaatgatattgattcttctaatccatgagcatgggatatttttccatttgtttgt,10000
RNA300,No,chr5,14552173,14552278,ACTCTCACTGTCCTGATGAAGAAGTTGAGATTTAGAGAAGTGAGTAAATGGCCCACAGCCATGCAACTGGGAATGATGAAACCTGGATAGAAGCCATGTCTGTCTG,100000
RNA301,No,chr5,13652173,13652278,tgatatggtttggctctgtgtccccacccaaatctcatcttgaattgtaactcccacaatccccatgtgtcatgggaggaacccagtgggatgTGATTGAATTATA,1000000
RNA302,No,chr1,146038328,146038401,tccctggagcccaggagttcgcgaccagcttGAGACGCCTCCCCAcaatgtcagaatttttttttttttttttt,1000
RNA303,No,chr1,146040473,146040546,GTTCCTGCTAAATTAGCTTTAACTGTTGCTTTTGCTGGCGTAGGTTAAGTTGGTTTGCCAGGTGGGTGGAAGCC,1000
RNA304,No,chr1,146049473,146049546,CGGCCGCCTGCTCCTCACCGTCTGCTCTTCACTGGTTCCCCCGCCTGCTCTTCACCGTCTCAAAAGTCGCCGGC,10000
RNA305,No,chr6,57799137,57799211,AGGTGAGAATCTAGTTCAAAAGCCGGGAGAAGGAACAGGACATTAGCACAGTAGTCTAGGCAGAGAGCTGGACCA,1000
RNA306,No,chr6,57801284,57801358,GGTTCCATTTCACTGAAGGTACCTCTAAGGCTCTGAGTGGCTCTATATGCCCCCCAGGATTGGATAGTGGTAAAC,1000
RNA307,No,chr6,57790137,57790211,AATCATCGTTtagtaaaataagttttatttgcatattaaaatttacTGTGTTTGTGAAGATGCTGATAGTACATT,10000
RNA308,No,chr6,57810284,57810358,CCTTTGTTTTAAGGCCACGAAGATCAAGTAAGGACCCAAATAACTACCAAACATCTCAGAGAACGCTTTGGGCAA,10000
RNA309,No,chr6,57700137,57700211,CATTTAGAGTGCAAAGAAATGAGGGAGAAACTGCAAAGGAGACCTAAGGAGTGGTCTTAGAGATTGGAGGAGAAG,100000
RNA310,No,chr6,57900284,57900358,gtgctaggattacaggcctcccaagtgctgggattacaggcatgagccactacgcccggcttcCAAGTCTTATGT,100000
RNA311,No,chr6,58800284,58800358,tatttctttgtgatgtgtgaattcaactcacagtgtggatccttccttttgatagagcagttttgaaacactgtt,1000000
RNA312,No,chr6,62800284,62800358,cccactatttttttgtatttttagcaaagacaggttttcaacatgttggccaggctgatcttgaactcctgacct,5000000
RNA313,No,chr9,127447366,127447502,agcacgtgcctgtaatcccagctacttaggaggctgaggctggagaattgcttgaatctagaaggcagaggttgtggtgagccgagattgcaccattgcactccagcctgggcaacgagcgaaactctgtctcaaaa,1000
RNA314,No,chr9,128448637,128448773,tctgcccgcctccacctcccaaagtgctgggattacaggcatgagccactgcacccagctgctcATTTGGATATAGGGTCATCGTAAATGTAATCCGTTAAGATGGGGCCCTGCTGAAGTAGAGTGGGTCCCTAATC,1000000
RNA315,No,chr1,161479495,161479566,tgcaccaatcagcactctgtgtctatcTTAGGGTTcatggatgcaccaatcagcagtctgtatctagctaat,1000
RNA316,No,chr1,161481636,161481707,CCAGCCTTCAGGCTcagccctccctcccctgcctttgTCTCACCCCATCTGCTCTttcactcacacacagac,1000
RNA317,No,chr1,161470495,161470566,ACGGTCGCCGGGACGCCAGACCCCACTCCGACCGCGGACGCCTAGCCCTGCCTTGATCCCCTCCCCCGACGG,10000
RNA318,No,chr1,161490636,161490707,GATCTTGAAGATTATTTACGAGAAGGAGAAgtcttcatttgctttttctgtgtcttctgtTAATcagaaaga,10000
RNA319,No,chr1,161380495,161380566,cgggtgtggtgtttcatgcctgtaatcccagcactttgggaggctgagatgggcggatcacctgaggtcagg,100000
RNA320,No,chr1,160480495,160480566,ttctgtttgttagttttccttctaacagtcaggaccctcagctgcaggtctgttggagtttgctggaggtcc,1000000
RNA321,No,chr1,162480636,162480707,caaaacctataggATACAGCAAAACAGTACTAAgaaaattttatagcaataaatgcctacatcaaaaaacta,1000000
RNA322,No,chr5,181178343,181178416,atttttagtagagacggggtttcaccatgttggccgggatggtctcgatctcctgacctcgtgatccgcccgcc,10000
RNA323,No,chr5,181088343,181088416,TCTGTAATCTTTTCTGAGCACCGACAGAAACAAGGTCACTGTGCTAGCCACAAGAATATTAATACCGCAAATCC,100000
RNA324,No,chr5,181288488,181288561,CAGTAGGTTGATTGTGGTAAAGGGAAGGCTTCACTTTGTTATTCAATATAGTTATTTATTGACttgtttaaaca,100000
RNA325,No,chr22,43150573,43150657,aaaatagatttatgtatgtttgttttttaatagaggaAGAGGCTCACAAAGGCAAAAATGCCAGGTCCTAGGAAAGCCATACTGC,1000000
RNA326,No,chr22,49150740,49150824,ACCGTCACTGCTTTCAAACCACCAGGGGCAGCGCGTCTGCCCCCACAGCCTGTGCCACCAGGAGAGACCAGGCCATCCATCTGGG,5000000
RNA327,No,chr15,26104733,26104826,ATTAAAATAGCATTCACTTGCCAGGGCTAAAAATGATACTTTTGAATGTGCATTGATTTAGGTTATATTACCTAACTATTATAATTGAGGAGAA,1000000
RNA328,No,chr15,20104548,20104641,ctggctggcttggctggctgggtggcttggctggcttggctggctgggtggcttcgctggcttggctggctaggtggcttggctggcttggctg,5000000
RNA329,No,chr14,20612717,20612790,GTCGATGTGGGTAAGTTAGTCCATCTGTTGCCAGGAAGGGATATAGTTCACTTCTAATGGAATCGTTTTATTCT,1000
RNA330,No,chr14,20614862,20614935,CTTACACATTTTCAAGGAAGAAAAGTGCTCTATTTAGATAGGCAAAGTAAGGCATTTGTGGCAGATTTTCTTGG,1000
RNA331,No,chr14,20623862,20623935,ccagggcaataaagcaagagaaagaaatacagggcattcaaataggaagagaggaagtcaaactcttcctgttt,10000
RNA332,No,chr14,20713862,20713935,CCCCCTCCAGTTTCTGCAGTTTTCGTTTAATATTGGATGAAAGTCACGTTTACCATTCTCATATTCTCAGGAGC,100000
RNA333,No,chr14,21613862,21613935,aaaaatacaaaaattagctgggcatggaggtgggcacctgtagtcccagctacttgggaagctgaggcaggaga,1000000
RNA334,No,chr14,25613862,25613935,attttgcaAAGTCccggttcatgtcctttgcccacttttgaatggggttatttgttttttgattgaTGAATTAT,5000000
RNA335,No,chr14,16392046,16392150,tgatgtgggcattcatctcacagagttgaaccttacttttcattgagcaattttgaaacactctttttggagaatctgtaagtggacattttgagggctttgacg,5000000
RNA336,No,chr14,26392253,26392357,GGAGTTGTCCATCCTTGAGAGTAGAATATCCCCCTAGGTGGTCAGAGGTGGGGTTTGTGACAGAGGGAGGAGAACAGCCAGAAAGGAGCTGACAAGTGTCAGCCC,5000000
RNA337,No,chr5,69060676,69060808,TGCataattaggttgtttatttgaagttttgctACTTTTTTATGTAAGTGCTCATTGCTATAAAGTTTTCTCTTAAGACTGTACCCCATATGGTTtgctatgttgtgtttccattttcatttgtttcaagaaa,100000
RNA338,No,chr5,68160676,68160808,agcagagatcacaccactgaacctcaacctgggtgacagagcaagactccgtttcaaaaaaaaaaaaaaaaaagaaagaaattgttgaAAGACTTGTTTGCTCTCTTTGTCAAGAGTCTCAGAGGTTAGAAAT,1000000
RNA339,No,chr5,70160939,70161071,ggaataaAAGCAGTTGGCTTCTTCAAAAGGCAACAGGAGAGAATGAGTGTGTCTAGGAGAAAttttcaaacacttttaaaaccatcggatctcatgaaaacttactcactatcatgagaacagcatgagggaa,1000000
RNA340,No,chr5,64160676,64160808,ATATATGGTGATATTTTGGTGGACCTCTACTGGACACTCTGCCAAGTAACCGGAGAGGCACTTAGGCTTTAACTCAATTGGCCATCcatttcaccctggcatttcatcaaccagaaaaAGGGAAACCACAACA,5000000
RNA341,No,chr10,8186784,8186889,ctaatttattttattttattttttgtagagacacagtcttgctttgtGACCCCATCTGTTGTCagattcctggcttcaagtgatccttcctcctcggcctctcaaa,1000000
RNA342,No,chr6,27197914,27197996,cccttctcttctaaaaatacaaaaattagccaggtgtgatgtgccacgcctgtagttccagctactggagaggctgaggtggg,100000
RNA343,No,chr9,12872476,12872555,ATAGAAAGGGCCTGACACATTAGGGGACAAAGAAGGATTATGTGATAGCTAAAACCACCTGGACAAAGATGCTGCCTGGC,100000
RNA344,No,chr9,13072633,13072712,attatgaatGTCGTATGTAGTGTGTATTCAATGTACATATccttcattatatattttcttcattatataaaaatgaggaa,100000
RNA345,No,chr9,13972633,13972712,ATGCATTATTTCCTCGGTTCCCTCCTTGAGAGCATTGAAGTACAGACCTCAGCCATAAGGTGCAATTTGTATGCAGTGTA,1000000
RNA346,No,chr9,7972476,7972555,ACTTTCTTAGAAGGTTCCCTGATTCTGTCTACATATCACGAGCTGGCAGTTGGTTACACACAAATCTCTCTCTGCAAAAA,5000000
RNA347,No,chr15,67940045,67940152,gtcagttttggctttcgGGACTTTCTATGGTAAAGACCTCTAGGCCTAGCACCTGCTTGTGGCGAAATTGTGAAAGTGGTCAGGCTACCTCTGGGAACCTTTTGTGGC,100000
RNA348,No,chr15,66839832,66839939,GGTGGTCCAGCCATgcctgacttctgtgcacccagcCTTTTCTCATCACTGTGCCCTCAGCCCAGATCACCTTTCTCCAACTTCTCTGTTATCAAAGTCCTACACATC,1000000
RNA349,No,chr15,72840045,72840152,AACCCCAAAATTCATCAGCTGAAAACTGCAAATGTTTATCATCTCTCATCTTCTGTGGGCCAGGAGTGTGGGGCGCAACTTACCTGGGTGACTCTGCCTCAGGGTCTC,5000000
RNA350,No,chr17,38860612,38860684,GGCTTGATGAAAGAActggtttttcatgtttttacacTAATCTGTTGTGATTTCACACATTTAATCTCTGGAA,1000
RNA351,No,chr17,38862755,38862827,atttttagtagagacgagggttctccctgttggtcaggctggtctcgaactcccgacctcaggtgatccgcgc,1000
RNA352,No,chr15,26266661,26266732,tctcaaaaactaaaataaaataacaaaacaaagcaaaacccttcAAGGCTGGAGGTAAATTGAAACAACATT,1000000
RNA353,No,chr15,30266661,30266732,ttcaCAGGACCTGTATATCAATAGcacaatgaaaaaaacaacaaagtatTCAAgtaacaaatagcatgatga,5000000
RNA354,No,chr6,27149170,27149243,TTGGGCAAAGGAAAATGTCAAACTATGATACAGGCCAGACAAATGCTCAACCAACCCAGTGGAGAGCTCTGGAG,1000
RNA355,No,chr6,27151315,27151388,ATGGCTTCACTTACCTGGGAAGCTAGATTCTATGTGTAATAGTAAACACCTGGGAGGAATAGTGATTGTTTACA,1000
RNA356,No,chr6,27140170,27140243,TTTGCCTTTTAAATACTGGAATATATCAAGTATACAAAATGCGCTGGTGACCACACCACTTATTCAAGTGCATC,10000
RNA357,No,chr6,27160315,27160388,aaacaaacaaacaaaataataaaataagccatttttggagctaaataaataaatatcattgcTACTTAAGTGGT,10000
RNA358,No,chr14,88978025,88978098,ATACGTTTCTTACCCCTCAAGCTGCCCTGTATCGCTCTGCAGACTGTGCCTTGTAAAAGAGTATTTGGCTAAGG,1000
RNA359,No,chr14,88980170,88980243,aaataaagaaaaaacagcctGTAATCCCTCATAAAGTGGAGCTATAGTTCAACCCCATTTGATAAAATGACATT,1000
RNA360,No,chr14,88969025,88969098,TCCAGCTCAccaccctccctcctgcctcaggacccTTGTTCCTGCTGTTTCCCCTTCTGGAATGTTCTCCCACC,10000
RNA361,No,chr14,88989170,88989243,aaactgaagagctTTTTGACACTAGGTAAGTACATTGTGTGCAGTTGACTCCGAATCTCCTAGCAATGAAACTC,10000
RNA362,No,chr14,89079170,89079243,tttctttctttctttctttctttctttcttgacacggcatctctctgtcacccaggctggagtgcagtagcgtg,100000
RNA363,No,chr14,83979025,83979098,acattttctttatgcatttcaACCTAAGCAACATATAAAAACAGGTTAAGTGCAGAAGATTTGAGAACCCAGCT,5000000
RNA364,No,chr14,93979170,93979243,CCCACAAAAAAGTGCAACTTTCACATATGTACAGCCCAGTACATTTTCACAGACTGGACACACCCAACATCTGA,5000000
RNA365,No,chr14,99951778,99951856,TTCCATAGTTAACATATTGCATATACAATGCTTTCTATTGCTTTTTTCATGTAGCTTTATAGGCATTTTCCCATGTCAT,1000000
RNA366,No,chr14,101951933,101952011,cttgtgcctcagcctcccaagtagctgggattacaggcatgcaccaccacactcagctaatttttgtgtttttagtaga,1000000
RNA367,No,chr14,95951778,95951856,actattataaatgaaattaaacatgAGGATCTGAGCTGTGGTAGAGGTGGAGGGGCATGTGGAAGTTCAGGGAGGGCCC,5000000
RNA368,No,chr14,105951933,105952011,AAGAAACTGCTCTTTCTTGCATAGAACACAGTCAGTATGCTCACACGACATGGGTGGGTTTGAGAGTTAAAGGAGACTG,5000000
RNA369,No,chr17,19408109,19408181,CAGGCTCTTGGCTGCCCACTCCCAGGCTCCCAGTGtccccacctctgccccaccATGGCTGCCCCCCTTCATC,100000
RNA370,No,chr17,19608252,19608324,TGAGTGTGACATGATCGTTCATTTATAAAACCCTAAAGaatccatacacacacaaaactaaaactactagagc,100000
RNA371,No,chr17,18508109,18508181,CACAGAGCAGTCAGGAAGCCTAGGTATAGTTATAGGAAGACTCATGCCAGGTAGGACTGCGGAGCTGGGGTGA,1000000
RNA372,No,chr17,24508252,24508324,atgtggacctctccgaagatgtctttggaaacgggaatatcttcacataaaaactaaacagaagcattctcag,5000000
RNA373,No,chr7,149376438,149376510,AGGAAGAGCTCCTTAATGATCTTTTAATGAATTCTgtcattattggtctatttaaGTGCTCTGCTTCATCTTA,1000
RNA374,No,chr7,149378581,149378653,gtatcatttttctctttccctgaaGAAGCCTACTCTACTTCCTATAAAGTAGGTCTATGGGTAAcgaattctt,1000
RNA375,No,chr7,149367438,149367510,TGGGATTCTTCAAAGGGCTTCATTGGGAACATCTGACTGCCTCTGTGACCTGGCACACACCTCTCTTAGGCTG,10000
RNA376,No,chr7,149387581,149387653,atttttaaatctgttttctccTATTGTCTTTATCACTATCTTTTTTATTCTACTGTCAGGATGAGTTTTCTTT,10000
RNA377,No,chr1,93416204,93416277,GACTCCTTGGTTCAAATCAGCTCAGTCCCTCCTTTTAGTAAGTTGACCTGACTCTACTGAAACTGtctgaaagg,100000
RNA378,No,chr1,98516349,98516422,GAAGAAACTCCTGCtcgagaaaagaaaagggaaagttaAGCAGATTTTGTCTTGCACTTTAGGTACCAGACTGT,5000000
RNA379,No,chr1,145156084,145156157,GTTCTCTCCTGGTGCATACTCACTGGGTCCTGGAGAAAAGAACCACTGCTATGTCTGCAGCCATATACGGGGTA,1000
RNA380,No,chr1,145158229,145158302,GATGACTGCAGAGGATGGTACTGAGGGTGGATGCGAACCACTACTTACTATTAATATATTGAGCCAAGCACACT,1000
RNA381,No,chr1,145257229,145257302,TtgtgaagaatgaataaaattacagagataaatagcaaaaatgtgaaactaaaataaagaGGAACAGTGAGTAA,100000
RNA382,No,chr1,144157084,144157157,GAGAACTGCTTTGGACACATCCAGAGATTTTGATAGGTCACACACTTATTGTAGTTTGTTTctgaaaagttttt,1000000
RNA383,No,chr14,99966980,99967052,GTGGAGACATTAAGTTCCCATAAAGTGGGAACACTCAGActtggctgcagaacagcaggcCTGCTCCCGCCCA,1000000
RNA384,No,chr14,95966980,95967052,TATCCATTTTCCCAACCAAATTTAGCCACCAtttttattacatgaaaatcCTTGTTAAGCAGGACCAATTTCT,5000000
RNA385,No,chr14,105967123,105967195,ACCTGAATTCCCTGAAATCCTGTGCCCTGGGGATTGGAGAAACCTTAAAACCAAAGCCACTGTTAAGTTAGCT,5000000
RNA386,No,chr11,45762278,45762389,aatgcacttaatacattttaaaataatttaataagtcaaaaatgcatttaatacacctaacccaccaaacatcatagcttagcctagtcTACCtaaaatgtgctcagaacac,1000000
RNA387,No,chr11,51762499,51762610,gtggatatttggacctctctgaggatttcgttggaaacgggataaacttcccagaactacacggaagcattgtgagaaacttctttgtgatgtttgcattcaactcacagag,5000000
RNA388,No,chr15,26250940,26251022,gtgagccaagattgcaccgccgcactccagctgggtgacagagtgagactccacctcaaataataataataataattgtgtgT,1000000
RNA389,No,chr15,30250940,30251022,gaggtggggtgagccgagatcgcactattgcactccagcctgggcgacagagcgagactccttctcaataaataaataaataa,5000000
RNA390,No,chr19,49500699,49500782,ATAAAAGCCGCAGCAGAGATGGGAGTACAGGGAGGGGAGGTCCCAATGCCCGCTCACCTCACCCCTTGGGGCCTGCCGGTGCCG,10000
RNA391,No,chr19,54490699,54490782,tccctcccttcctttgcttctttctctttctctttcttccttccttccttgcttccttccttcctttctccctcccttccttcc,5000000
RNA392,No,chr1,192057146,192057281,TATCTGGACAGATATTAGTGTTACATGCATCAATTCctctgaaaataatattaaacacCACAAACATAAAAGTGTTGTGTTAAGCCTGCTGTTTTTTGCAATGATGTAAGTATAAAAGAATGGACTATTATTTTTA,1000000
RNA393,No,chr1,198057415,198057550,agctgccaaactaTCTTCTGAAATGGTTGAACCATTTTACGTTCTCATTTGCAGTTTACAAGATTTCCAGTTCCTCCTCATCCTCAACAACACTTGGAGCAGCAAATCTTAGTAATTTTTGCTAGCCTAAGGTAGT,5000000
RNA394,No,chr19,49021550,49021669,agagagagagagagagagacagagtgtgtgtgtgtgtgtgtgtctgtctgtgtgttgGCAACACATGTGGGGAGATGGGTAATAGGTGAAGGGCTATTGTGAAGTCCTGtggaccagaga,10000
RNA395,No,chr19,49041787,49041906,aggctggtctcaaagtcctgacctcaagtcatccacccgcctcagcctcccaaagtgctgggattacaggtgtgggccataaTGCCTGACCTGTAGTTGTTGAATATTTACTATTAATCT,10000
RNA396,No,chr19,48931550,48931669,AATCCATGTGTGACACTCAGGTCTTAATTATTGTCTACCAAGTAAGAGAAAGTGACAATATCCTGCCCTGTGTGAAGCTGGCCAGCCAGTTAGGAATTATCATGTCccaaccagcctggg,100000
RNA397,No,chr19,54031787,54031906,aggcacggtggctcacacctgtaatcccagtgctttgggaagctgaggcaggcagatcacctgaggctgggagattgagaccagcctggctaacatggtgaaaccccgtctctacgaaaa,5000000
RNA398,No,chr16,58659931,58660067,cttgatctcttcacctcgtgatctgcctgcctcggcatcccaaagtgctgggattacaggcgtgagcctccgcgcccggcaatttgtattattttcaacCACCCACCTGCTAGCCCCAAGCCTCACCTTTGCCTTCC,100000
RNA399,No,chr16,59559931,59560067,tctccacatcctctccagcacctgttgtttcctgactttttaatgattgccattctaactggtgtgagatggtatctcattgtggttttgatttgcatttctttgatggccagtgatgatgagcattttttcatgtg,1000000
RNA400,No,chr16,53559660,53559796,AAGAGTGAATCACAGAGTCCTCAGCTCAGTGTCTCAGACACACTAAGACAATCTGCCACTGTCTGCCTTCTCTATGCTGAAAGATAAACACCCCACAGGCCACGAGGAAATGAGAGTGGCTGATGTCCACTGAATGc,5000000
RNA401,No,chrX,55182352,55182480,TAGTCCAATGTGATGTTAGGAGTTCAGTAGAGTGACTAGAATTTAAGATAGATGTTGAGCTTAAACGCTTTCTTAATTGGTGATTGCTTTTGGGCCAACTATGGTGGAAATATTTTTTACTCTCTGTAG,1000
RNA402,No,chrX,55184607,55184735,GAAAAACGACATAAAGATAAACTAGCttaaagcaagttttttttttttttgtacttttgcaCAAGAGGGAAAAATCAAATACTGGCCTTTCTATTCACTTCAGTTATGCAGTTCTTAATGTGACATTAA,1000
RNA403,No,chrX,55193607,55193735,acttgtagCCAAGAGAAAATTAGAATTTGGTCCAAACTGTAGAgaacaataaaaattgaaaaacacttGGCAAGAATAGAAACTAACAATGggtgtactatagtttttttGAAACGTAATTTTTCcttc,10000
RNA404,No,chrX,55083352,55083480,ttcatcaaggatattggtctaaaattctcttttttggttgtgtctctgcccggctttggtatcaggatgatgctggcctcataaaatgagttagggaggattccctctttttctattcattggaatagt,100000
RNA405,No,chrX,54183352,54183480,gagggcggggaggggaggagacCACAAATTGGATTTGggtagagagaaggggaggggcagACCGGACCCGGGAGAGGCTGGGAGGATAAAAGCGAGGATGGGCTCTAgtcacttctcttttttctcctt,1000000
RNA406,No,chrX,50183352,50183480,CTAGTCGGTCATAAGGGGCACTGCTCACCTTCCCCATCTGCCCCCCAGTAGGTATGTTAGTTCAGCTCTGGAATCTTTTAACATTTAGTGAAgtccattttaaaaaggaaaaatgaaaggaaccaaaaa,5000000
RNA407,No,chrX,60183607,60183735,ctttggaatctgcaaggggatatgtggacctctttgaagatttcactggaaacgggatcatcttcacataaaaactaaacagaagcattctcggaaactaatttgtgatgtttgtattcaactcccaga,5000000
RNA408,No,chr1,147083475,147083616,AACTTGTCTCCTGGCAAATTGAAGTCTCCAAAATAATACTCAATTTGATGACAGATTTTGGCCTCCAGGGCAGCCATCttttcattatcatcattttcAGCCATTGTGGCTATCTTTAAAGTTCCAGTCCCATAGAGCCGTG,1000
RNA409,No,chr1,147085756,147085897,TCTTGTAGGGTTTTTGCAAATACAGCAATGTACAAAAATATGCTGCCTCAGCAGAGCACACTGGACACTCAGGCATCATGCTGGAGTTTGTCATCTCTTCCACAGCCTTCTCTAGACCTTAGCACTTACCTCATGTTAGCAC,1000
RNA410,No,chr1,147074475,147074616,AGTGGTGTCTCgatgtggttttaatttcaattttcctGATAGCTAATCATATTGAGCGCTCTTTTATGTGCTTTGTTGACCATGTGTgtaccttttattttaaagtatctgttcaagtcttttaccCATCTAgcacatttgg,10000
RNA411,No,chr1,147094756,147094897,TCAGGGTGGTTATTATCAGAAAAACAAgtaagtgttagcaaggatgtggagaaacgggAACTCttgtatattgttggtgggaatgtaaattggtgcagccattatagaaaacactGTGGAGACTCCTCAAAACATTACAAAC,10000
RNA412,No,chr15,65185330,65185461,TATTCACCAGAGTAGACACCCAAcccccccctcccttcccctccttctccttctacccccacccccagcctacTGGGCCCGGGGAGCTTGCGCGCGCCTGCGCCCTAGGCCCGGGGAGGGGGCGGAGGGCGT,100000
RNA413,No,chr15,60285330,60285461,AGGGGCAATTTCAACATTACAAATGAATATGTTTAGAATAAGAAACTGCTTTCCATTGTAAATTGATGCAACCAATTTACTCAATCTCCCCATTGCATGTCTCTGTCACTTTAGGTGTAACCCATTCTTCTC,5000000
RNA414,No,chr15,70285591,70285722,GACTCAGGAAATAGCTGTGGCCCTTATTCTGTCATCACCTGTTTTGGACACTCTGGGACTTAACTGGCTCCTTCAGAAAAtgattctgttatttatttcaacAACTTGAAAGGACTTTCATTGGCTTGTGAT,5000000
RNA415,No,chr20,38439233,38439369,CAGGAGGTCCCATCCATGAGGGAACCTGCTAGGGTGAGGGAATTCCAAGAAGAGGGTCTGTGCACACATCAGTAGGGATGCAACAGGCAACAGGAGGAGTCTCTCTGAAGAGCCCATGAGAAAGGCCACAAGATCAA,10000
RNA416,No,chr20,38459504,38459640,TACATTATATCAATGTGACTCATGATCAGTGACattaaccttgatcacttggttaaggtggtgaCTGCCAGACTTCTTTGCtgtgaaattcttatttttcccttttcgtACCGTAATATTTGGAACATAGGTTtgat,10000
RNA417,No,chr20,37449233,37449369,CCCTCTATTTAGGCCCTTTGTCAGGCTTGTCCTCCCCCGTCTTTCCCTCCTCTTCCATGTGCACGCATCTCTGCATCTGCCTGCGTCTCAGCTCCCCGAGGGTCCTGCCGCCccctcttcatttcattttttaactt,1000000
RNA418,No,chr20,39449504,39449640,GACAAAATGAGAAGATAGATGGCCCATGTTTGGTGGTGAAGGGGGTGAAGTTAGTGTTTATAATACAATTCTATTTCcagtagaaaaattaaataactaaaaatagtcTCCGTTATGTAGACTGTGTATATATGATG,1000000
RNA419,No,chr20,33449233,33449369,gtattttcagtagagacagggtttcactatgttggccaggctggtctcaaactcctgatctcgtgatccacccacctcggcctcccaaagtgctgggattacaggtgtgagccaccacgccctgccataatttttgt,5000000
RNA420,No,chr20,43449504,43449640,cccaggaggcagaggttgcagtgagacaggagcatcacttgaacccaggaagtggaggttgcagtgaaacaggagaattgcttgaacccaggaggtggaggttgcagtgagctgagatcgtgtcactgcactccagc,5000000
RNA421,No,chr1,29580512,29580644,CCCTTGCGGCGTTCATAGACCAGTGTGGAGATAGAGCCTGGGCTTATCTTCCTATGCTTCAAAGGTGGGCAGTTGAGTCTAAAAGGAAGAGAGGGACAGAAAACTTCATGTAGAGAGAATGCTAGACCTTGGC,1000000
RNA422,No,chr8,66932549,66932625,AAACTTGGGTTTGTGGGGAGagtgatctttttattttttattatatcattctttcctatttggatttttattatgca,10000
RNA423,No,chr8,65922398,65922474,aggtgatccacatgccttggcctcccaaagtgctgggattacaggtgtgagccaccaaaggCCGGCcaggttttctt,1000000
RNA424,No,chr8,67922549,67922625,gGTGGTACAGAAACCTAAAGAATCTTACACTGCCagggtcatcagaaaggaaagggaaatagaagggaactgcTAAG,1000000
RNA425,No,chrX,136889271,136889344,AACTCATCACCGCTGGGGAAATTAGATAAGTGTCTTTATGAGGAGTTATTTATGcttcaggcattgttctaaga,10000
RNA426,No,chrX,135879126,135879199,gcgaaggatatgaacagatacttctcaaaagaagacatttatgcagccaacagacacatgaaaacatgctcatc,1000000
RNA427,No,chrX,131879126,131879199,AATAAATTCAACCAAATACAATTTCATGTTTTTCCTTGTTGGTCTAATACTCTTTGTATACATTTCCATATCTG,5000000
RNA428,No,chr1,59957941,59958014,TATGGAGCAATACCATGAATACTGTCTTGGCACACTCCTTAGCAGGATTTAAATTGATGGTAAGGAACACAGAT,5000000
RNA429,No,chr2,109658050,109658150,TGGAGGTCTCACCCAAGTTCATAACTTTGAAATTAGGCTGCATCAGAGTTCACGTATAGAACCTGATTCTCACTTTTTTCCTCAATTTAATGATTTCATTC,1000000
RNA430,No,chr2,105658050,105658150,aaatagaaaacgcttgcacactgaaaactacaaaacattgtttaaaaaaaaggtaaagaaagcaAAAGTAATTGGAAAGACAGCTCATGTTCATGTATTGG,5000000
RNA431,No,chr7,65080672,65080807,tgagccaccgcacccggccagtcccttatataaatttttaaaaagatgttttcttcGTTTCCTAGCCCCTTCTACCCACCTACAAAGTTCCAAAGGCTTTAATGCTATTGCAACGGCAGTCAGAGGTCAAGCTGGT,10000
RNA432,No,chr7,64970403,64970538,catgtataataaaaaaatgcaaagctAACAACATACTAAACAGGAAAGTGTTGTAAGCTTTTACtctaagaactagaacaagacaaggatgcccacttccTTCAGACTTACTGAATGTAGTACTAAATATTCAAGA,100000
RNA433,No,chr7,66070672,66070807,CAGAAACTAGTCAAAAGATTACAGAGTCCTACACAATTTGGAGACACAAAGTGGATACTGAGCAACTAAAGGTCTTTCCAGGTGTGGAATTTTACAAAGTCCTTGGAGTAAATGGCAGTGTGGCTCTGGCAGCAGA,1000000
RNA434,No,chr7,60070403,60070538,atagagcagtttggaaacactctgtttgtaaagtctgcaagtggatatatggaccgcattgaggccttcgttggaaacgggatttcttcatttcatgctagacagaagaattctcagtaacttctttgtgctgtgt,5000000
RNA435,No,chr15,26266661,26266732,tctcaaaaactaaaataaaataacaaaacaaagcaaaacccttcAAGGCTGGAGGTAAATTGAAACAACATT,1000000
RNA436,No,chr15,30266661,30266732,ttcaCAGGACCTGTATATCAATAGcacaatgaaaaaaacaacaaagtatTCAAgtaacaaatagcatgatga,5000000
RNA437,No,chr6,57869272,57869345,GTTCTGTTTTCAAGTTCATTGACTTTTTCCTTAGTCTTCTGCATTCTATTATGGAGATCCTCCAATTAAGCTTT,1000
RNA438,No,chr6,57871417,57871490,agattgtgGAGGAATAGAATACAAACACATAGTAAGGTGAGATTTGCATAATAGAATATAGTAAACGATTTGTG,1000
RNA439,No,chr6,57860272,57860345,TTCATGAATGCTATCCCGTAATTCTAGGAGCATTGTTATAATAACTGCTTTAATGTATGTGTCAGATGATTTTG,10000
RNA440,No,chr6,57770272,57770345,ATCaaacagctaatttttaactttgatggaggagaaaattagataaattctgaaaattcatccatttatttttc,100000
RNA441,No,chr6,58870417,58870490,cattcctcttgatagagcagtttggaaacattgtttctgtagaatctgcaagtggatatatggaccgctttgag,1000000
RNA442,No,chr6,52870272,52870345,AGGTGGACTCCATTCTGCCCTGTGCATTGGAGTAGTGGAGCTTGGGCTTCTCTGCCATGGTAGCAGTCTCCTGG,5000000
RNA443,No,chr6,62870417,62870490,gatgtacatcttccctgtgatattgttcctgatacccaggaggggagaggatgatattactggCAATATCGCAG,5000000
RNA444,No,chr11,123056992,123057077,TAATTAACCAGGTGGCAGCTTAGCTCCATCCCCGACCTTCTGAATAATCTTAactcaggaagaaatggaagccCACAGGGCAGTGG,1000
RNA445,No,chr11,123047992,123048077,TGGGAGCAGCTTCAGGGAAAGAGATGGCAATTAAAAGGCCTTTTTGTTGGTCCCACTAAAGGACAGGTATTTGGATCTTGTCTAGG,10000
RNA446,No,chr11,124058161,124058246,ttgttgaattgtaatgattctttatatattctcagATGCCAGATCCTTTTCAGACATATAATTTGCAAGTCTTTTCTCTCATGCTG,1000000
RNA447,No,chr11,128058161,128058246,CTCAGATTAGGATGATGGTTATGAGGCAGCGTATTAAAATAAGAACCTGCCAACTTCACACAGACATGGAATGTGTTCCagtgtta,5000000
